zip,city,median_sale_price,median_ppsf,homes_sold,periods
90001,,576833,560.9,60,4
90002,,603213,554.5,127,4
90003,,593226,518.7,93,4
90004,,2151204,986.2,98,4
90005,,2047800,688.5,25,4
90006,,900357,455.9,14,4
90007,,914105,456.0,19,4
90008,,1274487,630.4,119,4
90011,,553123,508.1,65,4
90012,,781366,649.0,17,4
90015,,765000,621.4,3,1
90016,,1041215,756.3,130,4
90018,,924818,619.7,99,4
90019,,1363721,795.7,129,4
90020,,5396812,919.2,16,4
90022,,685678,615.6,59,4
90023,,607952,532.1,42,4
90024,,3609836,1225.9,61,4
90025,,2067383,1077.8,60,4
90026,,1488035,957.8,173,4
90027,,2275862,974.8,145,4
90028,,1154462,639.1,13,4
90029,,1047974,689.2,38,4
90031,,1003704,741.1,81,4
90032,,860805,694.6,174,4
90033,,691778,532.4,27,4
90034,,1625267,1014.5,131,4
90035,,2276423,1035.8,71,4
90036,,2218995,913.4,95,4
90037,,685859,489.0,64,4
90038,,1146656,638.5,32,4
90039,,1513431,1051.2,188,4
90040,,731059,565.3,17,4
90041,,1378392,866.5,143,4
90042,,1218744,910.3,215,4
90043,,870378,615.1,230,4
90044,,653358,521.6,151,4
90045,,1706886,952.3,237,4
90046,,2237252,963.5,238,4
90047,,725964,523.4,249,4
90048,,2396316,1090.2,95,4
90049,,4033363,1323.4,273,4
90056,,1729712,667.2,52,4
90057,,982312,544.6,8,4
90058,,469250,586.3,4,3
90059,,613750,532.0,100,4
90061,,633019,580.0,52,4
90062,,765127,551.5,79,4
90063,,677950,615.1,100,4
90064,,2158153,1081.8,176,4
90065,,1241510,806.8,232,4
90066,,2137363,1163.8,315,4
90067,,6596500,1126.6,3,2
90068,,1959069,870.9,248,4
90069,,3155906,1199.9,127,4
90076,,1351000,730.3,1,1
90077,,3206440,983.6,125,4
90093,,1370000,557.8,1,1
90094,,2982000,1048.6,15,4
90099,,514500,427.2,3,2
90101,,670000,485.4,2,2
90201,,724654,592.1,26,4
90210,,5961425,1275.4,247,4
90211,,2662309,1268.1,34,4
90212,,4181360,1323.1,25,4
90220,,650788,533.0,156,4
90221,,631367,535.0,128,4
90222,,613423,550.5,111,4
90230,,1465769,949.1,108,4
90232,,2262500,1149.7,62,4
90240,,1001274,546.6,82,4
90241,,980182,611.5,110,4
90242,,848078,631.3,90,4
90245,,2051519,1020.7,52,4
90247,,810862,590.1,87,4
90248,,794891,589.8,45,4
90249,,810707,611.4,92,4
90250,,898313,683.1,166,4
90254,,2646798,1420.5,89,4
90255,,702212,527.4,52,4
90260,,804298,628.3,57,4
90262,,694297,559.3,91,4
90265,,4519475,1295.7,141,4
90266,,3598793,1449.4,261,4
90270,,655769,555.8,13,4
90272,,3915127,1228.5,114,4
90274,,2669433,975.8,246,4
90275,,1885414,789.1,302,4
90277,,2234770,1109.8,139,4
90278,,1535234,962.2,137,4
90280,,703451,570.7,113,4
90290,,1590583,804.5,60,4
90291,,2314785,1320.3,181,4
90292,,3197294,1103.5,34,4
90293,,1986467,857.7,45,4
90301,,843710,592.1,31,4
90302,,880677,753.1,31,4
90303,,823660,527.5,50,4
90304,,860682,676.0,22,4
90305,,868587,518.8,63,4
90402,,5212036,1873.3,118,4
90403,,3575625,1664.1,32,4
90404,,1831000,1243.8,17,4
90405,,2629803,1355.2,76,4
90501,,1086875,695.3,112,4
90502,,857386,619.8,44,4
90503,,1416982,887.3,164,4
90504,,1004260,698.5,154,4
90505,,1538182,846.1,198,4
90601,,925323,541.4,110,4
90602,,900743,626.3,70,4
90603,,919045,571.0,88,4
90604,,846381,583.0,181,4
90605,,800949,622.4,158,4
90606,,790000,593.9,108,4
90607,,800000,549.5,1,1
90620,,933266,645.7,207,4
90621,,979887,624.1,71,4
90623,,1220414,595.6,70,4
90630,,1155884,645.7,198,4
90631,,979077,577.2,287,4
90638,,905329,600.2,243,4
90640,,840921,570.2,139,4
90650,,759563,636.8,309,4
90660,,741527,572.2,169,4
90670,,801518,605.4,56,4
90680,,863750,609.7,48,4
90701,,848750,645.7,46,4
90703,,1241189,653.2,190,4
90704,,3530000,952.8,3,3
90706,,815467,616.3,137,4
90710,,902372,564.6,78,4
90712,,865931,636.7,188,4
90713,,911406,664.9,223,4
90715,,844152,654.5,46,4
90716,,684407,616.7,15,4
90717,,1024531,658.2,64,4
90720,,1617691,779.9,136,4
90723,,760242,559.8,60,4
90731,,841719,653.5,146,4
90732,,1153535,648.7,114,4
90740,,1636541,834.4,109,4
90743,,6407500,1623.0,1,1
90744,,698362,581.9,76,4
90745,,808507,522.4,150,4
90746,,874402,503.8,117,4
90755,,1045774,570.5,31,4
90802,,471638,602.9,40,4
90803,,1689041,898.5,160,4
90804,,846939,799.9,49,4
90805,,729790,643.4,214,4
90806,,794259,643.4,81,4
90807,,1128018,660.4,164,4
90808,,1068414,716.2,290,4
90810,,710262,573.5,83,4
90813,,627212,594.9,33,4
90814,,1255283,811.5,53,4
90815,,1136425,736.4,275,4
91001,,1159027,692.5,219,4
91006,,1673487,766.1,195,4
91007,,2125478,749.7,138,4
91008,,3373333,607.8,9,4
91009,,670000,567.8,1,1
91010,,850356,613.2,101,4
91011,,2425158,1008.7,171,4
91016,,1082506,716.7,172,4
91020,,1162941,838.3,17,4
91024,,1596145,784.5,76,4
91030,,2039427,1005.5,116,4
91040,,961159,629.5,151,4
91042,,885432,686.7,139,4
91101,,1169500,768.4,4,3
91103,,1572525,972.3,102,4
91104,,1363129,881.4,178,4
91105,,2293145,923.9,107,4
91106,,2159828,978.2,58,4
91107,,1598733,866.1,206,4
91108,,3059435,1072.8,124,4
91115,,548333,1186.9,3,2
91118,,2155000,965.7,2,1
91201,,1398298,879.4,47,4
91202,,1646641,839.5,64,4
91203,,1193125,833.3,8,3
91204,,1400000,714.3,1,1
91205,,1067905,779.1,37,4
91206,,1580750,782.1,108,4
91207,,1931052,851.2,58,4
91208,,1619460,781.0,100,4
91214,,1382540,796.6,187,4
91301,,1549332,614.5,182,4
91302,,2000033,708.5,214,4
91303,,850098,617.6,56,4
91304,,1026742,539.0,244,4
91306,,861168,523.1,197,4
91307,,1054007,580.1,216,4
91310,,984147,351.2,136,4
91311,,1135104,482.9,240,4
91316,,1759512,754.3,172,4
91320,,1106694,536.1,346,4
91321,,907256,444.7,117,4
91324,,967434,531.9,113,4
91325,,1172841,528.6,164,4
91326,,1357901,541.2,274,4
91331,,754973,556.9,225,4
91333,,797000,584.3,1,1
91335,,856391,575.8,230,4
91340,,743200,562.2,60,4
91342,,840945,521.1,307,4
91343,,909539,536.5,191,4
91344,,1060519,563.4,337,4
91345,,827994,532.0,78,4
91350,,842853,430.7,347,4
91351,,760430,449.6,221,4
91352,,873298,627.3,131,4
91354,,908970,396.3,380,4
91355,,894762,506.0,189,4
91356,,1858261,662.5,161,4
91360,,1081579,556.2,273,4
91361,,1922488,714.3,207,4
91362,,1378935,576.5,278,4
91364,,1359733,631.6,292,4
91367,,1396682,639.9,296,4
91377,,1333058,610.2,103,4
91381,,1230051,431.2,175,4
91382,,1125250,476.4,16,4
91384,,810192,411.9,224,4
91387,,939865,412.7,223,4
91390,,933973,387.1,182,4
91396,,910000,397.7,1,1
91401,,1316358,714.5,151,4
91402,,776833,571.7,105,4
91403,,1990907,825.1,129,4
91405,,873636,540.8,110,4
91406,,890044,599.7,226,4
91411,,1072769,739.5,78,4
91423,,1981969,820.8,213,4
91436,,2392137,770.4,161,4
91501,,1477632,816.7,57,4
91502,,995000,790.7,11,4
91504,,1457958,842.0,95,4
91505,,1187113,849.4,168,4
91506,,1303402,869.5,122,4
91601,,1172827,755.9,81,4
91602,,1850783,892.8,99,4
91604,,2222326,929.4,215,4
91605,,872062,576.8,120,4
91606,,921235,621.4,98,4
91607,,1489211,781.8,114,4
91609,,969000,448.8,2,1
91614,,2755400,894.8,5,3
91615,,848500,639.1,2,1
91701,,852337,460.9,276,4
91702,,749982,551.5,168,4
91706,,738747,575.7,146,4
91708,,834359,361.5,135,4
91709,,1076235,517.3,446,4
91710,,776760,452.8,337,4
91711,,1126762,561.2,244,4
91722,,776414,563.9,145,4
91723,,830622,527.6,49,4
91724,,908871,527.1,124,4
91730,,730877,485.7,231,4
91731,,738426,689.8,27,4
91732,,810978,533.7,92,4
91733,,791657,531.7,72,4
91737,,1044311,461.6,167,4
91739,,1025321,413.4,221,4
91740,,839647,581.2,116,4
91741,,1076335,564.8,221,4
91744,,759314,575.4,204,4
91745,,1041910,524.6,267,4
91746,,759420,591.6,69,4
91748,,1033478,540.0,184,4
91750,,1004202,550.5,168,4
91752,,881390,336.5,163,4
91754,,967079,671.3,101,4
91755,,957351,653.8,74,4
91758,,551250,586.0,12,4
91759,,647500,406.3,8,2
91761,,754348,393.8,341,4
91762,,715081,430.7,271,4
91763,,696814,485.9,97,4
91764,,659889,487.2,153,4
91765,,1196048,562.6,248,4
91766,,701898,503.5,186,4
91767,,692680,492.2,153,4
91768,,652611,513.2,113,4
91770,,920171,653.8,123,4
91773,,958403,547.8,154,4
91775,,1365783,792.6,120,4
91776,,1024082,741.4,61,4
91780,,1180045,709.8,133,4
91784,,1007198,435.7,237,4
91786,,756893,466.3,248,4
91788,,905000,763.6,2,1
91789,,1206941,613.0,202,4
91790,,843526,573.5,156,4
91791,,967517,525.5,149,4
91792,,836688,555.1,80,4
91801,,1091243,731.6,74,4
91803,,943716,687.3,67,4
91804,,1010000,735.1,3,2
91901,,981571,466.9,156,4
91902,,1167679,543.0,106,4
91905,,467765,321.6,17,4
91906,,476805,372.3,41,4
91910,,893204,515.5,199,4
91911,,813961,552.5,229,4
91913,,973284,449.1,278,4
91914,,1326184,467.4,76,4
91915,,977269,466.2,117,4
91916,,738078,418.7,32,4
91917,,662500,565.0,6,3
91931,,760500,485.0,1,1
91932,,844138,652.7,87,4
91934,,336715,319.1,7,4
91935,,989459,437.2,85,4
91941,,1094649,561.3,276,4
91942,,883864,618.3,169,4
91945,,773313,535.0,134,4
91948,,205250,253.2,8,2
91950,,727124,583.3,89,4
91962,,703577,369.9,26,4
91963,,588071,369.1,7,4
91977,,787418,504.3,340,4
91978,,930138,426.2,47,4
92003,,1400263,457.9,57,4
92004,,368167,234.0,54,4
92007,,2332537,1170.0,67,4
92008,,1875806,864.1,180,4
92009,,1852998,705.4,281,4
92010,,1497194,726.9,98,4
92011,,1856833,782.1,150,4
92014,,3573827,1312.0,98,4
92018,,2636703,992.1,3,2
92019,,958215,524.0,246,4
92020,,954480,523.3,227,4
92021,,814259,506.6,270,4
92022,,720000,676.7,1,1
92023,,1354000,976.9,1,1
92024,,2278542,964.6,369,4
92025,,985650,504.9,177,4
92026,,890960,470.3,379,4
92027,,837012,483.7,303,4
92028,,910439,418.0,528,4
92029,,1362383,511.6,183,4
92036,,587342,415.0,79,4
92037,,3616364,1361.8,284,4
92040,,826149,499.5,222,4
92046,,671667,586.1,3,2
92054,,1351944,742.0,198,4
92056,,927252,557.2,445,4
92057,,865022,485.4,450,4
92058,,875718,527.9,71,4
92059,,940000,522.4,3,3
92060,,422867,401.2,15,4
92061,,1084273,395.8,22,4
92064,,1304947,641.7,375,4
92065,,820469,414.9,341,4
92066,,436200,353.7,10,4
92067,,5129017,983.8,117,4
92068,,1126776,391.3,49,4
92069,,991067,529.0,224,4
92070,,1227500,545.6,8,4
92071,,856767,559.4,329,4
92072,,815000,857.9,1,1
92075,,2951346,1345.9,65,4
92078,,1313070,564.7,287,4
92081,,983481,519.8,181,4
92082,,901836,386.8,198,4
92083,,823483,522.8,87,4
92084,,983396,499.5,307,4
92086,,509615,277.1,13,4
92091,,4147976,891.9,21,4
92101,,1150000,736.4,3,3
92102,,797682,724.4,85,4
92103,,1757860,947.1,150,4
92104,,1137906,998.1,138,4
92105,,717043,649.6,140,4
92106,,1936704,908.4,152,4
92107,,1852641,1039.4,131,4
92108,,1056087,619.1,23,4
92109,,2176643,1227.6,140,4
92110,,1501818,922.4,99,4
92111,,1053026,727.1,194,4
92113,,680506,577.6,89,4
92114,,760624,526.0,287,4
92115,,934371,717.5,244,4
92116,,1378961,994.0,140,4
92117,,1173166,805.7,349,4
92118,,3197264,1498.7,125,4
92119,,1060145,633.4,165,4
92120,,1184447,689.7,219,4
92121,,1650833,733.7,6,3
92122,,1653352,868.4,115,4
92123,,1044566,689.5,136,4
92124,,1207533,641.3,90,4
92126,,1106115,689.6,234,4
92127,,2127369,713.3,252,4
92128,,1193898,638.2,293,4
92129,,1376469,704.0,277,4
92130,,2482169,830.5,201,4
92131,,1664564,687.7,172,4
92139,,762114,525.1,105,4
92154,,799588,494.8,226,4
92160,,1005714,618.8,7,3
92173,,734355,500.6,31,4
92197,,1096868,799.6,53,4
92201,,558960,298.0,507,4
92203,,562957,272.9,524,4
92210,,1901250,600.3,174,4
92211,,566694,304.8,640,4
92220,,443646,262.6,475,4
92223,,536708,262.5,720,4
92225,,213674,162.6,89,4
92227,,388364,246.5,99,4
92230,,324062,260.0,16,4
92231,,393141,266.5,78,4
92233,,258333,187.7,6,3
92234,,551779,312.6,407,4
92236,,498934,285.6,108,4
92239,,198000,169.0,2,2
92240,,402171,246.8,433,4
92241,,501000,280.6,39,4
92242,,157211,105.6,9,4
92243,,423946,252.2,130,4
92249,,437188,242.5,16,4
92250,,341661,245.7,26,4
92251,,463396,260.5,134,4
92252,,393078,318.9,219,4
92253,,882955,386.9,948,4
92254,,261250,232.6,8,4
92255,,750000,251.5,1,1
92256,,343884,265.5,73,4
92257,,111257,139.8,7,3
92258,,329167,243.5,3,2
92259,,220000,138.9,1,1
92260,,881053,396.3,300,4
92261,,627500,302.1,2,1
92262,,908510,489.6,498,4
92263,,1286667,772.7,3,3
92264,,1368306,616.5,252,4
92268,,787143,572.8,7,3
92270,,1141477,429.8,484,4
92274,,304275,213.6,71,4
92275,,285000,192.6,1,1
92276,,428744,275.7,41,4
92277,,260184,220.8,305,4
92281,,310400,236.8,5,3
92282,,416000,259.9,17,4
92283,,505000,202.6,2,2
92284,,381428,255.7,402,4
92285,,254385,234.9,65,4
92301,,397742,255.6,240,4
92305,,345062,223.8,16,4
92307,,462294,239.5,473,4
92308,,414477,237.8,583,4
92311,,271179,206.9,273,4
92313,,611875,367.0,80,4
92314,,393743,330.7,311,4
92315,,611277,395.1,457,4
92316,,544455,419.9,101,4
92317,,268429,306.1,7,4
92318,,500000,337.6,2,1
92320,,582053,307.6,95,4
92321,,345015,315.7,18,4
92322,,321646,243.6,24,3
92324,,516447,369.2,208,4
92325,,354752,274.3,262,4
92326,,395500,424.8,2,2
92327,,150000,129.5,3,2
92333,,498441,374.0,68,4
92335,,564260,428.4,219,4
92336,,717765,348.0,611,4
92337,,593815,396.7,173,4
92339,,331283,259.6,30,4
92341,,329898,286.5,49,4
92342,,377637,202.6,146,4
92344,,535797,247.2,319,4
92345,,459814,262.7,754,4
92346,,594075,317.3,366,4
92347,,75000,100.0,1,1
92352,,689844,348.2,417,4
92354,,688545,353.2,132,4
92356,,281382,192.0,76,4
92358,,463250,373.6,16,4
92359,,562524,330.7,42,4
92363,,143238,114.7,42,4
92365,,220304,153.1,23,4
92366,,214583,151.2,24,4
92368,,235111,147.5,9,4
92371,,485192,248.4,159,4
92372,,470000,247.6,62,4
92373,,799873,387.4,252,4
92374,,609372,360.6,331,4
92376,,572445,356.9,368,4
92377,,667013,343.0,138,4
92378,,427857,287.4,7,3
92382,,349681,286.6,196,4
92385,,371788,352.6,33,4
92386,,308959,340.5,98,4
92391,,346271,292.0,59,4
92392,,448178,233.4,494,4
92394,,433149,236.4,306,4
92395,,418032,250.9,425,4
92397,,431495,302.6,104,4
92398,,207432,172.1,9,4
92399,,583773,332.6,432,4
92401,,375000,313.2,4,3
92402,,475812,401.2,8,3
92404,,510291,364.3,326,4
92405,,480466,368.4,193,4
92407,,597163,335.3,369,4
92408,,502628,377.0,43,4
92410,,453504,379.2,125,4
92411,,437944,394.8,125,4
92501,,590878,408.0,123,4
92503,,660992,387.7,474,4
92504,,622452,417.4,334,4
92505,,649025,409.4,198,4
92506,,728581,392.2,407,4
92507,,647099,375.5,243,4
92508,,757144,314.8,301,4
92509,,667789,385.8,415,4
92513,,516750,514.5,4,3
92530,,585676,318.0,526,4
92532,,637482,258.5,255,4
92536,,603250,277.0,32,4
92539,,417581,232.8,31,4
92543,,417219,279.0,272,4
92544,,468763,278.3,384,4
92545,,447316,247.1,492,4
92548,,552116,262.6,83,4
92549,,476270,357.6,204,4
92551,,541757,308.9,185,4
92553,,521868,366.5,276,4
92555,,591325,288.0,328,4
92557,,563646,324.9,387,4
92561,,643172,310.6,32,4
92562,,719159,322.4,670,4
92563,,706283,284.0,572,4
92564,,837333,254.4,6,3
92567,,581370,296.4,73,4
92570,,616771,305.7,254,4
92571,,559912,276.9,379,4
92582,,526017,261.1,290,4
92583,,469391,272.1,238,4
92584,,628590,276.7,755,4
92585,,589944,273.1,360,4
92586,,401739,292.4,412,4
92587,,682092,350.0,239,4
92590,,1420256,400.6,39,4
92591,,749758,374.5,433,4
92592,,797509,354.6,705,4
92595,,672439,290.7,205,4
92596,,628218,286.5,730,4
92602,,2752578,950.2,135,4
92603,,3471972,1226.1,72,4
92604,,1569000,846.3,80,4
92606,,1636911,857.3,45,4
92610,,1392584,637.8,77,4
92612,,1442206,884.4,68,4
92614,,1678837,899.5,43,4
92618,,2375134,835.1,209,4
92620,,1968842,846.6,183,4
92624,,2228075,979.3,60,4
92625,,5625000,2087.4,119,4
92626,,1588421,888.1,247,4
92627,,1732550,1058.4,190,4
92629,,2936878,1321.5,196,4
92630,,1358913,673.1,390,4
92637,,1890000,1050.4,3,2
92646,,1512396,825.1,333,4
92647,,1301520,811.5,227,4
92648,,2023515,846.1,233,4
92649,,1763804,898.6,189,4
92651,,3121949,1545.5,265,4
92653,,1561897,731.2,145,4
92655,,1191900,705.2,10,3
92656,,1409458,699.6,118,4
92657,,8198765,1649.8,81,4
92660,,3893911,1380.8,254,4
92661,,5333333,2618.2,48,4
92662,,4993750,2419.0,32,4
92663,,4607265,1757.9,131,4
92672,,1906691,999.2,238,4
92673,,1848358,710.2,210,4
92675,,1875146,725.5,239,4
92676,,1401216,614.8,37,4
92677,,1723455,811.1,424,4
92678,,1388500,873.6,5,3
92679,,1707627,631.1,375,4
92683,,1126803,679.0,282,4
92688,,1262630,643.0,181,4
92691,,1335247,672.3,344,4
92692,,1260147,657.4,395,4
92694,,1504488,656.3,341,4
92701,,888977,605.0,44,4
92703,,829630,672.8,92,4
92704,,954289,659.6,142,4
92705,,1752550,703.3,229,4
92706,,1178676,680.9,102,4
92707,,874236,699.2,70,4
92708,,1513430,731.4,258,4
92711,,1020000,805.1,3,1
92780,,1296153,701.0,177,4
92782,,2011273,770.2,77,4
92801,,875186,650.0,86,4
92802,,1017732,631.1,82,4
92804,,964366,650.7,205,4
92805,,893526,631.1,152,4
92806,,1018649,577.9,87,4
92807,,1188613,587.8,238,4
92808,,1382211,606.2,109,4
92816,,1005000,634.5,2,2
92821,,1180688,609.9,189,4
92823,,1523182,611.1,33,4
92825,,790000,531.3,1,1
92831,,1141360,670.4,125,4
92832,,983556,647.2,63,4
92833,,1136982,655.8,219,4
92835,,1429769,629.0,169,4
92840,,1044490,657.7,144,4
92841,,1047824,675.8,88,4
92843,,1020676,688.4,74,4
92844,,996486,730.0,37,4
92845,,1127136,729.3,118,4
92859,,974500,631.8,2,2
92860,,924063,469.8,178,4
92861,,2581415,709.2,53,4
92862,,1271583,618.1,24,4
92865,,1156239,633.3,115,4
92866,,1202407,813.0,54,4
92867,,1289741,653.6,243,4
92868,,962274,637.5,62,4
92869,,1351737,636.6,190,4
92870,,1213284,614.4,261,4
92878,,787083,454.4,84,4
92879,,745758,411.5,178,4
92880,,957365,332.1,296,4
92881,,893953,392.3,169,4
92882,,814739,428.9,348,4
92883,,755625,356.8,459,4
92886,,1486793,659.1,348,4
92887,,1599052,616.6,155,4
93001,,1137788,797.7,137,4
93003,,998554,590.6,242,4
93004,,893926,512.4,164,4
93006,,875000,606.4,1,1
93010,,972888,508.8,301,4
93012,,923525,526.6,295,4
93013,,1844750,1251.1,84,4
93014,,3862333,1807.0,3,2
93015,,777929,387.6,99,4
93021,,1065224,452.1,245,4
93022,,897966,691.1,59,4
93023,,1273411,749.6,180,4
93030,,808075,451.1,133,4
93031,,835000,561.2,1,1
93033,,708308,500.8,120,4
93035,,1281101,705.5,188,4
93036,,838017,475.6,116,4
93040,,315000,439.9,1,1
93041,,684664,487.5,76,4
93044,,702000,615.3,2,2
93060,,757070,424.7,129,4
93062,,840167,534.5,3,2
93063,,857540,478.2,335,4
93065,,868014,487.6,543,4
93066,,1800676,556.7,17,4
93067,,2180000,1525.5,3,3
93101,,1552267,1268.4,88,4
93103,,2712462,1380.7,80,4
93105,,2139691,1182.4,178,4
93108,,6067980,1790.5,151,4
93109,,2746129,1552.4,93,4
93110,,2405587,1131.0,92,4
93111,,1775849,981.7,119,4
93117,,1561272,888.8,116,4
93130,,1810000,1256.1,1,1
93150,,22575000,3044.5,4,2
93160,,1470000,682.8,1,1
93201,,183000,165.8,5,4
93202,,325778,231.6,27,4
93203,,339360,225.1,25,4
93204,,321944,220.2,36,4
93205,,232466,172.8,15,4
93206,,184833,131.3,6,4
93207,,177567,172.0,9,3
93210,,297643,205.3,105,4
93212,,294059,211.4,82,4
93215,,347077,244.7,130,4
93218,,255500,169.5,2,1
93219,,271429,271.3,7,2
93221,,423004,264.8,127,4
93222,,372308,233.2,13,4
93223,,296388,242.7,40,4
93224,,157000,153.1,2,1
93225,,318304,236.4,51,4
93226,,277500,227.8,2,2
93227,,392630,214.1,3,2
93230,,378024,241.2,642,4
93234,,333571,193.1,7,3
93235,,316889,273.3,9,4
93238,,374250,237.0,20,4
93239,,176500,147.1,2,2
93240,,263453,183.3,64,4
93241,,258036,221.5,28,4
93242,,481583,248.5,6,3
93243,,382400,238.0,10,4
93244,,515000,276.5,2,1
93245,,380881,231.6,236,4
93247,,325795,234.4,44,4
93249,,330000,269.4,1,1
93250,,328148,251.7,27,4
93252,,210925,193.3,16,4
93254,,271333,191.6,9,4
93255,,1265000,481.9,2,2
93256,,275625,240.5,16,4
93257,,352134,232.1,411,4
93260,,161833,163.0,12,3
93261,,282500,218.0,2,1
93263,,415916,232.1,193,4
93265,,340903,208.2,72,4
93266,,228333,259.6,6,3
93267,,365871,250.6,17,4
93268,,228118,187.7,127,4
93270,,425417,238.8,12,4
93271,,641944,333.1,36,4
93272,,237238,196.3,8,4
93274,,373826,234.0,553,4
93277,,376325,239.4,431,4
93280,,316308,233.5,65,4
93283,,176944,161.4,4,2
93285,,211767,187.3,43,4
93286,,373180,230.7,84,4
93287,,3336667,365.2,3,2
93290,,380000,227.1,2,2
93291,,424342,244.5,620,4
93292,,410393,243.2,357,4
93301,,385409,245.0,55,4
93304,,302516,241.4,277,4
93305,,287751,229.0,197,4
93306,,368782,217.3,554,4
93307,,342966,246.3,443,4
93308,,338055,239.3,523,4
93309,,364924,229.8,396,4
93311,,485217,241.8,621,4
93312,,451966,245.1,560,4
93313,,424680,232.5,481,4
93314,,563915,248.2,447,4
93384,,320000,247.7,2,2
93389,,331000,206.8,3,3
93401,,1225276,654.4,203,4
93402,,902870,594.4,115,4
93405,,1164672,662.2,116,4
93420,,1110573,559.2,253,4
93422,,847799,468.8,271,4
93424,,1500000,1065.0,3,1
93426,,620319,365.7,36,4
93427,,1032064,534.8,47,4
93428,,955833,673.5,108,4
93430,,1385889,829.0,36,4
93432,,799438,394.7,8,4
93433,,810962,589.8,104,4
93434,,638865,412.9,37,4
93436,,607153,383.8,321,4
93440,,876882,495.8,17,4
93441,,1728833,866.0,6,3
93442,,1020075,716.6,107,4
93444,,1064448,520.7,192,4
93445,,759364,554.8,44,4
93446,,787782,442.0,489,4
93448,,833750,714.6,2,1
93449,,1407990,798.0,102,4
93450,,245000,192.9,2,2
93451,,639487,385.0,39,4
93452,,2380000,746.8,1,1
93453,,852348,494.3,23,4
93454,,641105,404.7,172,4
93455,,762168,409.7,351,4
93458,,622810,425.9,100,4
93460,,2128120,772.1,50,4
93461,,467179,374.5,14,4
93463,,1737705,693.7,61,4
93465,,1052617,516.0,81,4
93501,,281609,209.0,32,4
93505,,297559,189.7,256,4
93510,,819926,394.6,68,4
93516,,204000,173.9,15,4
93518,,293533,235.8,9,4
93523,,157727,126.8,11,4
93527,,299500,174.3,20,4
93528,,38000,112.5,3,1
93531,,568600,268.4,10,4
93532,,451818,322.5,44,4
93534,,419552,292.7,324,4
93535,,435221,268.0,597,4
93536,,543628,263.8,751,4
93543,,500747,323.9,93,4
93544,,348357,207.1,14,4
93550,,456554,309.0,386,4
93551,,611560,271.7,582,4
93552,,496451,276.3,237,4
93553,,452056,267.1,18,4
93554,,170000,117.7,1,1
93555,,277776,179.8,387,4
93560,,435412,261.5,255,4
93561,,436267,256.0,476,4
93562,,76534,64.0,29,4
93591,,397295,288.7,61,4
93601,,541714,237.1,21,4
93602,,370175,237.7,40,4
93603,,333750,195.9,4,3
93604,,715808,472.7,26,4
93605,,254967,193.1,3,3
93606,,277000,284.1,2,2
93608,,147500,151.2,2,1
93609,,335789,224.5,19,4
93610,,372917,234.9,127,4
93611,,482781,273.3,374,4
93612,,389604,276.5,149,4
93613,,459000,244.1,1,1
93614,,392719,224.3,171,4
93615,,236385,258.6,13,4
93616,,636000,313.8,10,4
93618,,391545,251.2,111,4
93619,,541320,289.7,777,4
93620,,346932,250.3,44,4
93621,,297000,238.7,1,1
93622,,325727,269.6,11,4
93625,,495644,241.7,53,4
93626,,612133,241.0,66,4
93630,,430963,259.9,62,4
93631,,520732,285.7,127,4
93633,,331250,350.5,3,3
93635,,466816,269.2,345,4
93636,,513295,261.5,333,4
93637,,414299,238.5,251,4
93638,,392790,270.2,210,4
93640,,366375,289.6,4,3
93641,,233000,289.4,3,3
93642,,376052,347.7,9,2
93643,,434730,262.8,37,4
93644,,457941,249.0,119,4
93645,,478000,276.6,1,1
93646,,328693,269.1,10,3
93647,,423333,236.9,6,3
93648,,362483,252.7,36,4
93650,,307850,254.2,22,4
93651,,672333,271.4,15,3
93652,,345000,189.4,1,1
93653,,490286,244.6,7,3
93654,,407540,241.0,101,4
93656,,328818,259.7,22,4
93657,,433143,255.0,188,4
93660,,314375,254.4,4,3
93662,,372566,254.2,99,4
93664,,676444,364.5,99,4
93667,,432316,237.2,19,4
93668,,319667,204.5,3,3
93669,,488333,394.8,3,3
93675,,346486,191.3,35,4
93701,,259167,208.0,36,4
93702,,289452,251.3,155,4
93703,,318138,250.4,138,4
93704,,394952,256.5,230,4
93705,,333507,250.4,221,4
93706,,313511,258.7,134,4
93710,,417756,246.8,160,4
93711,,525290,258.8,362,4
93720,,510199,273.7,412,4
93721,,338975,174.3,4,2
93722,,407034,246.9,464,4
93723,,498975,249.4,121,4
93725,,374350,250.9,110,4
93726,,353514,252.5,213,4
93727,,437827,257.6,569,4
93728,,329504,257.2,129,4
93730,,653090,303.2,211,4
93737,,509086,263.0,58,4
93901,,790551,505.9,118,4
93905,,678525,488.9,61,4
93906,,698528,508.2,214,4
93907,,852538,500.9,132,4
93908,,1176897,523.4,117,4
93920,,4933333,3210.6,9,4
93921,,2834842,2005.6,19,4
93923,,2743455,1324.6,191,4
93924,,1471800,705.3,75,4
93925,,589667,526.7,3,2
93926,,709100,384.7,10,4
93927,,578915,371.3,47,4
93930,,556915,364.3,75,4
93932,,1032360,345.2,1,1
93933,,947534,523.7,146,4
93940,,1263205,706.4,156,4
93950,,1393628,1063.0,129,4
93953,,2788625,1072.9,80,4
93954,,245000,280.3,1,1
93955,,821930,693.0,121,4
93960,,673186,403.4,43,4
94002,,2289975,1274.7,155,4
94005,,1344565,804.1,23,3
94010,,3999651,1516.5,328,4
94014,,1090031,736.3,130,4
94015,,1282665,856.4,236,4
94018,,1050000,1141.3,1,1
94019,,1661240,819.2,121,4
94020,,831667,625.8,9,4
94021,,520000,409.3,4,2
94022,,5359194,1868.6,186,4
94024,,4535659,1798.3,214,4
94025,,3314960,1691.4,321,4
94027,,11421835,2158.0,85,4
94028,,4265064,1493.7,78,4
94030,,2186140,1220.3,114,4
94037,,1566273,899.2,22,4
94038,,1493700,744.1,25,4
94040,,3626000,1817.9,119,4
94041,,2389875,1533.6,40,4
94043,,2335609,1482.1,78,4
94044,,1319406,867.4,244,4
94060,,1387318,743.5,11,4
94061,,2198370,1288.5,223,4
94062,,2963163,1306.3,245,4
94063,,1434390,1074.8,77,4
94065,,2594756,1333.8,41,4
94066,,1435466,995.2,193,4
94070,,2696221,1389.7,265,4
94080,,1290978,885.3,225,4
94085,,1806562,1377.5,80,4
94086,,2522893,1468.8,121,4
94087,,2974583,1663.6,264,4
94089,,1646702,1287.9,47,4
94102,,1348542,890.4,12,3
94103,,1751688,750.5,16,4
94107,,1982262,1245.7,42,4
94108,,5475000,1067.9,5,4
94109,,1602987,1200.4,77,4
94110,,1544831,1088.7,258,4
94111,,1715000,,1,1
94112,,1247670,856.1,335,4
94114,,2613032,1424.0,188,4
94115,,3558429,1224.1,70,4
94116,,1793052,1093.2,233,4
94117,,2749887,1191.3,75,4
94118,,3276549,1279.1,113,4
94121,,2125591,1109.9,132,4
94122,,1805560,1103.0,216,4
94123,,4530739,1531.2,88,4
94124,,937632,665.8,95,4
94127,,2363191,1087.0,188,4
94131,,2057031,1182.8,223,4
94132,,1557912,981.5,91,4
94133,,2013947,1302.9,38,4
94134,,1144504,785.1,131,4
94142,,670000,446.7,1,1
94147,,3060000,1299.4,1,1
94301,,5467567,2182.8,150,4
94303,,2575253,1549.1,178,4
94305,,3179182,1160.3,11,3
94306,,3489244,1959.1,156,4
94401,,1467845,1115.7,103,4
94402,,2643433,1351.5,218,4
94403,,2103080,1233.3,224,4
94404,,2195885,1108.5,96,4
94497,,2800000,972.2,1,1
94501,,1372844,785.4,208,4
94502,,1467204,775.2,54,4
94503,,717290,360.1,69,4
94505,,799600,343.1,190,4
94506,,2372047,726.8,213,4
94507,,2554637,856.8,168,4
94508,,965438,476.7,16,4
94509,,546026,354.8,425,4
94510,,878147,448.1,184,4
94511,,931883,432.4,25,4
94513,,775192,350.8,621,4
94514,,2051500,513.1,10,3
94515,,1440549,707.4,41,4
94516,,1402500,728.2,2,1
94517,,1127710,507.8,107,4
94518,,949429,535.3,182,4
94519,,739145,540.3,169,4
94520,,649957,524.7,116,4
94521,,858160,522.6,312,4
94523,,1091801,656.4,211,4
94525,,695107,406.0,28,4
94526,,1889533,818.4,246,4
94528,,3997250,948.1,8,4
94530,,1222873,742.3,165,4
94531,,678098,303.1,376,4
94533,,546854,326.3,472,4
94534,,712912,340.5,296,4
94536,,1701939,1002.5,294,4
94538,,1449923,1017.4,194,4
94539,,2395042,1194.0,240,4
94541,,848687,603.6,201,4
94542,,1372524,593.1,103,4
94544,,906750,640.3,240,4
94545,,935008,637.7,128,4
94546,,1107668,695.0,313,4
94547,,843785,421.8,93,4
94549,,2055616,827.8,268,4
94550,,1341359,704.7,412,4
94551,,1075911,689.9,248,4
94552,,1500311,675.4,74,4
94553,,831276,510.1,352,4
94555,,1757445,1042.1,137,4
94556,,1855467,786.2,107,4
94558,,926496,545.9,438,4
94559,,936535,636.2,185,4
94560,,1415045,837.3,255,4
94561,,670395,338.6,387,4
94563,,1911534,768.8,234,4
94564,,735913,479.8,115,4
94565,,582071,372.7,442,4
94566,,1860016,817.2,305,4
94567,,605167,295.4,9,4
94568,,1573461,730.1,297,4
94569,,616000,434.0,3,3
94571,,451395,274.4,235,4
94572,,664151,433.3,53,4
94573,,1500000,608.8,1,1
94574,,1910921,926.6,76,4
94576,,1058500,417.4,2,2
94577,,873812,612.1,223,4
94578,,817992,607.4,132,4
94579,,865408,613.7,88,4
94580,,827711,637.7,164,4
94582,,2063692,738.1,182,4
94583,,1516092,749.0,236,4
94585,,534053,344.0,188,4
94586,,1658375,649.0,8,4
94587,,1383502,814.8,247,4
94588,,1531818,818.4,165,4
94589,,507802,365.5,169,4
94590,,467964,356.0,221,4
94591,,595281,345.9,434,4
94592,,725800,269.7,10,4
94595,,1548709,812.7,86,4
94596,,1682103,771.7,107,4
94597,,1337100,745.8,100,4
94598,,1560947,721.9,190,4
94599,,1499412,1046.5,17,4
94601,,577534,461.4,131,4
94602,,1100005,719.6,217,4
94603,,529179,469.9,134,4
94605,,712067,503.5,315,4
94606,,694544,476.9,68,4
94607,,687979,429.5,47,4
94608,,843148,604.8,115,4
94609,,1277099,801.0,81,4
94610,,1655366,798.5,157,4
94611,,1441337,686.3,386,4
94612,,672250,483.7,4,2
94615,,450000,853.9,1,1
94617,,1066767,567.8,30,4
94618,,1914295,922.7,129,4
94619,,955609,635.0,197,4
94621,,494676,437.8,108,4
94623,,450000,853.9,1,1
94702,,1306737,1011.7,95,4
94703,,1328278,907.4,72,4
94704,,1342216,833.2,21,4
94705,,2126099,866.4,91,4
94706,,1432747,1042.8,91,4
94707,,1724324,960.5,111,4
94708,,1620570,847.2,149,4
94709,,1737026,952.4,19,4
94710,,1156461,918.7,38,4
94801,,551670,457.8,106,4
94803,,780850,439.9,160,4
94804,,611337,514.1,196,4
94805,,712587,569.5,115,4
94806,,622696,459.3,270,4
94820,,870000,325.5,1,1
94901,,1526618,757.8,238,4
94903,,1376343,787.2,216,4
94904,,2598802,1066.3,96,4
94913,,1299800,613.1,5,4
94920,,4045441,1350.5,143,4
94922,,1871750,572.5,2,2
94923,,1452571,813.5,42,4
94924,,1908700,1335.9,10,4
94925,,2019079,1175.2,76,4
94928,,755988,441.2,246,4
94929,,1585350,723.9,10,4
94930,,1193434,763.1,83,4
94931,,884670,529.6,53,4
94933,,1074333,777.7,3,2
94937,,1515625,1030.4,16,3
94938,,963167,872.8,6,4
94939,,2972896,1315.6,48,4
94940,,2475000,1856.3,3,3
94941,,2277545,1084.0,279,4
94945,,1149053,590.2,131,4
94946,,3488250,954.3,4,3
94947,,1165250,622.3,144,4
94948,,1323000,583.8,3,3
94949,,1529000,668.5,97,4
94951,,1401892,645.1,37,4
94952,,1109845,611.7,226,4
94954,,846584,508.6,243,4
94956,,1368667,768.5,9,3
94957,,4154107,1485.6,28,4
94960,,1722972,888.9,143,4
94963,,1152125,697.5,8,3
94965,,2304467,1172.2,60,4
94970,,5709469,2729.5,16,4
94972,,775000,527.6,2,1
94973,,1085833,694.9,12,3
94974,,3036472,1119.0,53,4
95001,,1600000,682.3,2,1
95002,,1335000,741.7,1,1
95003,,1507561,815.4,237,4
95004,,973529,597.1,17,4
95005,,1005700,611.5,50,4
95006,,702435,497.8,115,4
95008,,2132190,1232.7,211,4
95010,,1633377,1177.0,53,4
95011,,2433250,1199.3,4,2
95012,,826833,465.9,6,3
95014,,3404642,1673.3,212,4
95017,,1225000,655.8,1,1
95018,,855571,630.2,63,4
95019,,730444,588.2,9,4
95020,,1164893,525.3,347,4
95023,,768541,410.9,390,4
95030,,3795000,1505.7,135,4
95032,,3066372,1388.9,164,4
95033,,1393377,678.9,114,4
95035,,1640455,993.6,201,4
95037,,1471168,660.7,372,4
95039,,1133000,718.9,5,4
95043,,800000,561.4,4,3
95045,,1157636,451.0,33,4
95046,,1752140,844.4,27,4
95050,,1833913,1295.6,138,4
95051,,2196512,1419.1,246,4
95052,,1740000,652.4,1,1
95054,,1587178,1021.7,45,4
95060,,1497027,918.7,202,4
95062,,1653834,1104.4,148,4
95065,,1369500,776.4,40,4
95066,,1401383,697.8,94,4
95067,,1381000,840.3,5,3
95070,,4336255,1578.9,208,4
95071,,6500000,1807.3,7,3
95073,,1446810,831.8,58,4
95075,,1116625,485.0,8,4
95076,,866688,575.0,237,4
95110,,1011944,893.0,54,4
95111,,1128327,780.9,136,4
95112,,1159396,809.4,149,4
95116,,1005112,761.6,94,4
95117,,1902321,1225.9,56,4
95118,,1690074,1129.2,203,4
95119,,1474032,869.5,72,4
95120,,2322145,1003.1,282,4
95121,,1319784,888.9,116,4
95122,,1008746,804.7,122,4
95123,,1504663,911.1,326,4
95124,,2057880,1220.5,368,4
95125,,2062864,1137.9,381,4
95126,,1636794,1009.5,107,4
95127,,1173623,795.7,265,4
95128,,1661006,1097.4,160,4
95129,,2836284,1656.7,155,4
95130,,2145903,1452.4,82,4
95131,,1574469,995.0,96,4
95132,,1687542,1024.5,155,4
95133,,1506779,826.7,68,4
95134,,1854750,1153.5,4,3
95135,,2346795,991.2,78,4
95136,,1546142,816.0,197,4
95138,,2870153,952.3,98,4
95139,,1392266,881.2,32,4
95140,,1200000,529.6,1,1
95148,,1592807,895.4,187,4
95154,,1500000,1201.9,1,1
95155,,1837500,1099.7,2,2
95202,,360333,181.9,9,4
95203,,368747,280.7,95,4
95204,,393108,294.9,287,4
95205,,340906,292.8,171,4
95206,,424171,277.6,269,4
95207,,432150,282.6,233,4
95209,,483152,259.1,250,4
95210,,399792,281.8,144,4
95212,,558058,288.2,228,4
95215,,485222,336.3,166,4
95219,,543684,277.3,188,4
95220,,822365,407.5,37,4
95230,,565000,356.7,1,1
95231,,635375,407.2,8,4
95236,,724429,353.1,14,4
95237,,564250,351.2,20,4
95240,,490655,338.3,262,4
95242,,612343,315.6,319,4
95253,,405000,392.4,1,1
95258,,652435,316.7,23,4
95269,,378000,206.9,1,1
95301,,445315,270.5,241,4
95304,,905952,336.9,63,4
95307,,437392,296.0,157,4
95310,,467955,244.5,11,4
95313,,521250,510.4,2,1
95315,,413500,306.0,30,4
95316,,518472,343.2,54,4
95320,,569448,340.8,67,4
95321,,361418,205.3,110,4
95322,,395171,286.9,41,4
95323,,508333,327.5,9,3
95324,,517657,318.8,38,4
95326,,534637,291.2,95,4
95327,,429896,279.0,48,4
95328,,533239,255.6,23,4
95329,,375924,238.2,33,4
95330,,695424,298.6,394,4
95333,,293333,279.0,6,3
95334,,427875,274.0,40,4
95335,,323723,257.0,47,4
95336,,533414,320.2,345,4
95337,,645757,292.2,436,4
95340,,391433,246.7,312,4
95341,,397782,253.6,261,4
95346,,354205,246.3,39,4
95348,,427392,248.5,331,4
95350,,438851,307.2,375,4
95351,,391359,318.4,167,4
95354,,404950,316.8,199,4
95355,,479080,291.8,413,4
95356,,566347,295.4,225,4
95357,,501570,291.3,93,4
95358,,435219,308.4,114,4
95360,,422106,284.6,87,4
95361,,551345,312.9,322,4
95363,,492481,241.3,218,4
95364,,489305,365.8,33,4
95365,,263750,268.7,4,2
95366,,701653,347.5,121,4
95367,,521968,300.0,221,4
95368,,485928,312.3,83,4
95369,,515000,303.8,1,1
95370,,410019,251.3,294,4
95372,,421895,236.5,31,4
95374,,772500,322.6,3,3
95375,,378143,313.5,14,4
95376,,591846,370.2,318,4
95377,,737795,332.0,266,4
95379,,333061,222.1,33,4
95380,,447930,324.7,206,4
95382,,524051,296.9,296,4
95383,,417045,262.8,101,4
95385,,738500,311.9,2,2
95386,,441905,287.0,74,4
95388,,364000,275.6,53,4
95391,,894334,366.1,133,4
95401,,671302,495.9,179,4
95403,,764968,458.0,282,4
95404,,1001947,506.5,321,4
95405,,750380,489.0,171,4
95407,,663622,429.5,147,4
95409,,772820,453.1,367,4
95410,,770797,460.6,6,3
95412,,400000,297.6,1,1
95415,,752000,359.0,3,2
95419,,660000,374.1,1,1
95420,,615000,503.3,2,1
95421,,546452,520.5,31,4
95422,,258112,201.0,116,4
95423,,244762,186.8,63,4
95424,,247500,224.0,2,2
95425,,622644,394.2,87,4
95426,,302500,235.3,2,1
95427,,895000,352.4,5,3
95428,,305000,297.3,5,3
95429,,532000,295.6,1,1
95430,,546000,513.4,3,2
95432,,1134500,431.1,2,1
95433,,715000,531.2,1,1
95436,,644697,507.4,66,4
95437,,575491,412.2,112,4
95439,,1320667,722.6,6,3
95441,,1121333,685.8,15,4
95442,,1418222,728.3,36,4
95443,,370000,198.8,3,3
95444,,975000,630.2,2,2
95445,,759483,540.2,29,4
95446,,540456,491.3,103,4
95448,,1166560,694.8,168,4
95449,,761429,332.9,7,3
95450,,960900,735.5,10,3
95451,,375842,222.6,133,4
95452,,1841429,765.5,28,4
95453,,401730,240.0,115,4
95454,,315420,221.6,25,4
95456,,875000,677.8,1,1
95457,,389600,265.5,15,4
95458,,270419,216.5,31,4
95459,,633333,443.8,9,3
95460,,1050971,497.4,34,4
95461,,429757,255.8,37,4
95462,,552632,498.5,19,4
95463,,693500,356.6,2,2
95464,,223960,168.6,25,4
95465,,1169130,597.0,23,4
95466,,1065000,543.9,3,3
95467,,371348,207.6,102,4
95468,,707500,344.1,2,2
95469,,471950,296.5,10,4
95470,,660975,349.9,20,4
95471,,485667,510.8,6,3
95472,,1223697,665.7,211,4
95476,,1110382,644.5,356,4
95480,,1700229,864.1,24,4
95482,,490075,334.5,173,4
95485,,427111,270.4,18,4
95486,,536333,649.1,3,3
95488,,590000,476.6,3,1
95490,,338057,227.0,122,4
95492,,847668,465.8,196,4
95493,,615000,153.8,1,1
95494,,320000,146.7,1,1
95497,,1464438,719.0,16,4
95501,,387190,288.6,158,4
95503,,428135,298.2,249,4
95511,,86250,53.1,4,2
95514,,135000,63.4,2,1
95519,,456852,319.9,182,4
95521,,445642,357.4,116,4
95524,,706550,407.7,20,4
95525,,433306,321.0,18,4
95526,,242000,186.1,12,4
95528,,372533,320.1,15,4
95531,,375540,243.8,161,4
95536,,588273,298.3,22,4
95537,,350000,214.6,1,1
95540,,410161,278.0,155,4
95542,,289600,206.2,40,4
95543,,592228,358.7,2,1
95546,,210833,148.6,6,3
95547,,554333,310.6,9,3
95548,,262250,163.4,4,4
95549,,556833,307.6,6,3
95550,,1550000,727.9,2,2
95551,,382000,275.6,8,3
95554,,173571,166.1,7,3
95555,,167500,185.0,2,2
95558,,265000,147.9,1,1
95560,,251350,171.3,20,4
95562,,317472,261.7,36,4
95564,,363091,305.2,11,4
95565,,283567,216.2,6,4
95567,,741000,285.2,9,4
95569,,391000,286.9,1,1
95570,,889773,483.4,22,4
95571,,202500,131.2,3,3
95573,,255844,200.8,32,4
95587,,490000,424.2,1,1
95589,,433782,274.6,30,4
95602,,723281,338.7,233,4
95603,,653754,347.6,254,4
95605,,428029,321.4,69,4
95606,,617500,329.9,2,2
95607,,705000,449.6,1,1
95608,,579931,351.5,504,4
95609,,707000,414.2,1,1
95610,,521413,327.8,276,4
95612,,929600,353.2,10,4
95614,,559237,277.2,59,4
95615,,606143,342.4,7,4
95616,,903946,495.2,205,4
95618,,813739,477.5,157,4
95619,,482357,329.1,35,4
95620,,592558,326.5,260,4
95621,,472175,341.5,320,4
95623,,560738,325.9,42,4
95624,,632123,317.4,408,4
95626,,577349,356.4,43,4
95627,,578000,385.4,15,4
95628,,642719,336.7,434,4
95630,,773494,377.9,745,4
95631,,488197,273.3,76,4
95632,,551200,312.6,260,4
95633,,473667,278.3,36,4
95634,,431667,268.2,24,4
95635,,487321,282.5,14,4
95636,,311227,233.0,11,4
95637,,842500,510.8,2,1
95638,,850444,357.0,9,4
95639,,507000,473.1,2,2
95641,,428920,259.1,25,4
95645,,353500,313.1,4,3
95646,,1642500,508.1,2,2
95648,,627814,342.0,994,4
95650,,888592,455.1,142,4
95651,,1021250,335.9,4,2
95655,,560788,281.9,26,4
95656,,255000,235.2,1,1
95658,,1178214,446.5,63,4
95659,,850000,143.6,1,1
95660,,392729,337.0,221,4
95661,,712093,353.9,258,4
95662,,558867,373.5,263,4
95663,,1077619,462.7,21,4
95664,,656562,301.8,16,4
95667,,553204,312.2,394,4
95668,,856750,528.7,4,3
95670,,503053,330.3,394,4
95672,,865442,340.0,52,4
95673,,447782,353.5,101,4
95674,,945000,446.2,4,2
95676,,385000,266.4,1,1
95677,,666483,347.9,233,4
95678,,576569,344.4,290,4
95681,,378571,302.2,7,4
95682,,705872,334.1,304,4
95683,,734543,311.7,116,4
95684,,504448,289.0,29,4
95686,,433000,323.8,2,2
95687,,614943,342.1,639,4
95688,,670808,365.2,313,4
95690,,450214,315.0,14,4
95691,,575382,315.0,259,4
95692,,484466,287.5,58,4
95693,,925283,427.1,53,4
95694,,658524,338.5,63,4
95695,,517479,340.1,238,4
95701,,457400,273.0,10,3
95703,,552762,294.8,21,4
95709,,518543,289.0,65,4
95713,,524888,282.4,112,4
95714,,350000,300.6,4,1
95715,,479000,325.6,3,3
95717,,550000,270.7,1,1
95720,,454714,386.9,7,3
95721,,407333,606.8,6,2
95722,,732000,362.5,74,4
95724,,911033,609.7,30,4
95726,,388248,250.1,141,4
95728,,911033,609.7,30,4
95735,,314444,301.8,9,2
95742,,597239,277.1,449,4
95746,,1249278,415.8,277,4
95747,,644094,318.1,1369,4
95757,,686817,305.0,546,4
95758,,577818,330.1,384,4
95759,,545000,332.3,1,1
95762,,937466,355.9,661,4
95765,,726803,329.7,413,4
95776,,616256,309.3,211,4
95811,,767333,414.2,24,4
95814,,777650,402.5,10,4
95815,,346118,335.5,127,4
95816,,724032,500.4,93,4
95817,,506512,427.2,122,4
95818,,745809,510.7,233,4
95819,,765506,561.9,168,4
95820,,404961,366.5,310,4
95821,,529221,331.9,238,4
95822,,443640,355.0,293,4
95823,,436026,310.6,382,4
95824,,372504,333.5,124,4
95825,,501608,335.1,111,4
95826,,484896,347.5,240,4
95827,,469195,326.9,123,4
95828,,457188,303.0,319,4
95829,,598742,302.7,329,4
95830,,928000,448.3,4,3
95831,,655201,353.9,234,4
95832,,477283,294.0,89,4
95833,,470018,324.1,218,4
95834,,498078,301.2,256,4
95835,,564584,286.7,379,4
95837,,1072000,359.5,5,3
95838,,388238,320.2,271,4
95841,,465605,317.5,81,4
95842,,433211,341.7,204,4
95843,,508499,305.9,337,4
95864,,834320,408.6,261,4
95901,,415288,271.4,291,4
95914,,337590,242.9,4,3
95916,,169167,153.3,6,4
95917,,310100,273.8,30,4
95918,,507138,281.5,29,4
95919,,292867,176.4,15,4
95925,,242000,219.5,3,3
95926,,460028,295.7,248,4
95928,,481513,307.4,261,4
95930,,189333,156.2,3,3
95935,,368111,238.5,9,3
95937,,501875,245.6,4,3
95938,,494615,308.6,26,4
95941,,468400,177.1,3,2
95942,,332833,210.8,18,4
95945,,531399,326.6,277,4
95946,,506306,273.3,186,4
95948,,376000,256.2,68,4
95949,,542120,280.9,276,4
95953,,403658,258.5,55,4
95954,,279029,184.0,102,4
95957,,321250,303.9,4,3
95959,,609719,321.3,231,4
95961,,475392,260.7,370,4
95962,,405929,218.4,14,4
95965,,302957,227.2,128,4
95966,,340532,214.4,265,4
95968,,366200,214.6,5,3
95969,,403918,276.7,316,4
95972,,452500,181.1,4,4
95973,,496695,306.2,318,4
95974,,350000,263.6,1,1
95975,,629941,271.3,17,4
95976,,431875,264.7,4,3
95977,,600333,298.2,6,3
95982,,463909,319.3,33,4
95986,,665000,434.1,1,1
95991,,404084,259.4,215,4
95993,,498557,263.0,264,4
96001,,399480,250.0,435,4
96002,,410910,246.8,424,4
96003,,390178,249.1,443,4
96006,,217583,167.3,6,3
96007,,346034,254.6,238,4
96008,,372909,215.2,22,4
96009,,131429,118.3,7,3
96013,,211936,177.2,39,4
96016,,299000,196.8,5,4
96019,,315338,250.5,136,4
96021,,323165,223.4,79,4
96022,,375179,239.2,195,4
96028,,337350,201.0,20,4
96029,,780000,646.1,2,2
96033,,175000,226.4,1,1
96035,,272400,223.5,20,4
96040,,901800,672.5,5,4
96047,,385875,218.8,8,3
96051,,415395,211.2,19,4
96055,,374253,236.3,36,4
96056,,254988,183.1,16,3
96059,,317636,182.3,11,3
96061,,182500,165.0,2,1
96062,,593231,289.6,13,3
96063,,346667,218.0,9,4
96065,,315000,127.9,3,1
96069,,319235,202.5,17,4
96071,,268929,202.2,7,2
96073,,589342,271.7,60,4
96074,,170000,147.6,1,1
96076,,228500,207.3,2,2
96080,,337861,232.1,231,4
96084,,135000,97.0,1,1
96087,,217500,195.4,2,2
96088,,326534,205.9,103,4
96089,,376500,215.1,2,2
96090,,298400,265.4,5,2
96092,,380000,193.3,1,1
96096,,282300,202.9,5,4
96109,,184957,152.4,7,3
96114,,332339,186.7,28,4
96117,,172450,131.2,2,2
96123,,118000,102.1,2,1
96128,,410000,187.9,4,2
96130,,231933,175.9,193,4
96132,,95500,111.8,2,2
96140,,990048,628.2,52,4
96141,,1648043,862.1,23,4
96142,,1019660,670.1,78,4
96143,,1023444,672.2,45,4
96145,,1442308,810.7,91,4
96146,,1473256,711.0,43,4
96148,,1050595,607.8,42,4
96150,,693858,467.6,485,4
96155,,387000,284.4,4,2
96161,,1264263,613.0,533,4
96162,,1525000,672.1,1,1
